PRAGMA foreign_keys=OFF;
BEGIN TRANSACTION;
CREATE TABLE IF NOT EXISTS "migrations" ("id" integer primary key autoincrement not null, "migration" varchar not null, "batch" integer not null);
INSERT INTO migrations VALUES(1,'0001_01_01_000000_create_users_table',1);
INSERT INTO migrations VALUES(2,'0001_01_01_000001_create_cache_table',1);
INSERT INTO migrations VALUES(3,'0001_01_01_000002_create_jobs_table',1);
INSERT INTO migrations VALUES(4,'2024_11_04_163751_alter_users_table',1);
INSERT INTO migrations VALUES(5,'2024_11_04_180727_create_follows_table',1);
INSERT INTO migrations VALUES(6,'2024_11_04_181219_create_genres_table',1);
INSERT INTO migrations VALUES(7,'2024_11_04_181303_create_stories_table',1);
INSERT INTO migrations VALUES(8,'2025_02_17_095446_create_likes_table',1);
INSERT INTO migrations VALUES(9,'2025_04_16_082315_create_genre_follows_table',1);
CREATE TABLE IF NOT EXISTS "users" ("id" integer primary key autoincrement not null, "name" varchar not null, "email" varchar not null, "email_verified_at" datetime, "password" varchar not null, "remember_token" varchar, "created_at" datetime, "updated_at" datetime, "profilepicture" blob, "admin" tinyint(1) not null default '0');
INSERT INTO users VALUES(1,'Inkli admin','admin@inkli.com','2025-04-23 16:18:50','$2y$12$dZcQ2GbPoap9Vlrq4CgIOeBGl5wrQR66qRT.3R0GcyQ/ymAoUh.0W','gbPixVtG2B','2025-04-23 16:18:50','2025-04-23 16:18:50',NULL,1);
INSERT INTO users VALUES(2,'Kara Yundt Jr.','denesik.christophe@example.org','2025-04-23 16:18:50','$2y$12$dZcQ2GbPoap9Vlrq4CgIOeBGl5wrQR66qRT.3R0GcyQ/ymAoUh.0W','dgDvqLWJa9','2025-04-23 16:18:50','2025-04-23 16:18:50',NULL,0);
INSERT INTO users VALUES(3,'Miss Tianna Harris','langworth.pattie@example.net','2025-04-23 16:18:50','$2y$12$dZcQ2GbPoap9Vlrq4CgIOeBGl5wrQR66qRT.3R0GcyQ/ymAoUh.0W','i4TmnVocyS','2025-04-23 16:18:50','2025-04-23 16:18:50',NULL,0);
INSERT INTO users VALUES(4,'Alexandra Lang','bailey.audie@example.net','2025-04-23 16:18:50','$2y$12$dZcQ2GbPoap9Vlrq4CgIOeBGl5wrQR66qRT.3R0GcyQ/ymAoUh.0W','7tmTK8a58D','2025-04-23 16:18:50','2025-04-23 16:18:50',NULL,0);
INSERT INTO users VALUES(5,'Dr. Jasmin Wolf I','langosh.toney@example.org','2025-04-23 16:18:50','$2y$12$dZcQ2GbPoap9Vlrq4CgIOeBGl5wrQR66qRT.3R0GcyQ/ymAoUh.0W','SSOMtnRUVk','2025-04-23 16:18:50','2025-04-23 16:18:50',NULL,0);
INSERT INTO users VALUES(6,'Electa Beier','kovacek.joannie@example.net','2025-04-23 16:18:50','$2y$12$dZcQ2GbPoap9Vlrq4CgIOeBGl5wrQR66qRT.3R0GcyQ/ymAoUh.0W','YwzlB7SG6w','2025-04-23 16:18:50','2025-04-23 16:18:50',NULL,0);
INSERT INTO users VALUES(7,'Vladimir Brown','lwaters@example.com','2025-04-23 16:18:50','$2y$12$dZcQ2GbPoap9Vlrq4CgIOeBGl5wrQR66qRT.3R0GcyQ/ymAoUh.0W','jyBxCHhoAv','2025-04-23 16:18:50','2025-04-23 16:18:50',NULL,0);
INSERT INTO users VALUES(8,'Miss Destiny Swaniawski','cormier.twila@example.com','2025-04-23 16:18:50','$2y$12$dZcQ2GbPoap9Vlrq4CgIOeBGl5wrQR66qRT.3R0GcyQ/ymAoUh.0W','zCybNj0bBt','2025-04-23 16:18:50','2025-04-23 16:18:50',NULL,0);
INSERT INTO users VALUES(9,'Larissa Nikolaus','jillian.glover@example.com','2025-04-23 16:18:50','$2y$12$dZcQ2GbPoap9Vlrq4CgIOeBGl5wrQR66qRT.3R0GcyQ/ymAoUh.0W','Avr0P9aYwS','2025-04-23 16:18:50','2025-04-23 16:18:50',NULL,0);
INSERT INTO users VALUES(10,'Prof. Burnice Farrell Jr.','perry76@example.org','2025-04-23 16:18:50','$2y$12$dZcQ2GbPoap9Vlrq4CgIOeBGl5wrQR66qRT.3R0GcyQ/ymAoUh.0W','6CpVQaZEsS','2025-04-23 16:18:50','2025-04-23 16:18:50',NULL,0);
INSERT INTO users VALUES(11,'Reba Kuvalis','keeley17@example.com','2025-04-23 16:18:50','$2y$12$dZcQ2GbPoap9Vlrq4CgIOeBGl5wrQR66qRT.3R0GcyQ/ymAoUh.0W','oZTeiBcUZt','2025-04-23 16:18:50','2025-04-23 16:18:50',NULL,0);
CREATE TABLE IF NOT EXISTS "password_reset_tokens" ("email" varchar not null, "token" varchar not null, "created_at" datetime, primary key ("email"));
CREATE TABLE IF NOT EXISTS "sessions" ("id" varchar not null, "user_id" integer, "ip_address" varchar, "user_agent" text, "payload" text not null, "last_activity" integer not null, primary key ("id"));
CREATE TABLE IF NOT EXISTS "cache" ("key" varchar not null, "value" text not null, "expiration" integer not null, primary key ("key"));
CREATE TABLE IF NOT EXISTS "cache_locks" ("key" varchar not null, "owner" varchar not null, "expiration" integer not null, primary key ("key"));
CREATE TABLE IF NOT EXISTS "jobs" ("id" integer primary key autoincrement not null, "queue" varchar not null, "payload" text not null, "attempts" integer not null, "reserved_at" integer, "available_at" integer not null, "created_at" integer not null);
CREATE TABLE IF NOT EXISTS "job_batches" ("id" varchar not null, "name" varchar not null, "total_jobs" integer not null, "pending_jobs" integer not null, "failed_jobs" integer not null, "failed_job_ids" text not null, "options" text, "cancelled_at" integer, "created_at" integer not null, "finished_at" integer, primary key ("id"));
CREATE TABLE IF NOT EXISTS "failed_jobs" ("id" integer primary key autoincrement not null, "uuid" varchar not null, "connection" text not null, "queue" text not null, "payload" text not null, "exception" text not null, "failed_at" datetime not null default CURRENT_TIMESTAMP);
CREATE TABLE IF NOT EXISTS "follows" ("who" integer not null, "whom" integer not null, "created_at" datetime, "updated_at" datetime, foreign key("who") references "users"("id") on delete cascade, foreign key("whom") references "users"("id") on delete cascade, primary key ("who", "whom"));
CREATE TABLE IF NOT EXISTS "genres" ("id" integer primary key autoincrement not null, "name" varchar not null, "created_at" datetime, "updated_at" datetime);
INSERT INTO genres VALUES(1,'Real life','2025-04-23 16:18:50','2025-04-23 16:18:50');
INSERT INTO genres VALUES(2,'Romantic','2025-04-23 16:18:50','2025-04-23 16:18:50');
INSERT INTO genres VALUES(3,'Medieval','2025-04-23 16:18:50','2025-04-23 16:18:50');
INSERT INTO genres VALUES(4,'Sci-fi','2025-04-23 16:18:50','2025-04-23 16:18:50');
INSERT INTO genres VALUES(5,'Kids','2025-04-23 16:18:50','2025-04-23 16:18:50');
INSERT INTO genres VALUES(6,'Fantasy','2025-04-23 16:18:50','2025-04-23 16:18:50');
CREATE TABLE IF NOT EXISTS "stories" ("id" integer primary key autoincrement not null, "title" varchar not null, "slug" varchar not null, "content" text not null, "highlighted" tinyint(1) not null default '0', "author" integer not null, "likeCount" integer not null default '0', "genre" integer not null, "created_at" datetime, "updated_at" datetime, foreign key("author") references "users"("id") on delete cascade, foreign key("genre") references "genres"("id") on delete cascade);
INSERT INTO stories VALUES(1,'Placeat eum excepturi unde omnis.','placeat-eum-excepturi-unde-omnis','Vel eos sit aliquam unde dignissimos. Ipsum enim aliquid consequatur repellat facilis aut magni. Libero omnis suscipit voluptatem dolores omnis voluptatibus. Placeat adipisci quia quos deserunt consequatur.',0,2,86,1,'2025-04-23 16:18:50','2025-04-23 16:18:50');
INSERT INTO stories VALUES(2,'Sed omnis tempore pariatur omnis est.','sed-omnis-tempore-pariatur-omnis-est','Tempora dicta error harum. Animi non eum quisquam nihil ipsam deserunt. Iure eaque reiciendis aspernatur et. Sunt neque aut dignissimos officiis quas voluptatibus.',0,2,24,1,'2025-04-23 16:18:50','2025-04-23 16:18:50');
INSERT INTO stories VALUES(3,'Et commodi distinctio rerum voluptas.','et-commodi-distinctio-rerum-voluptas','Atque aut asperiores explicabo doloremque delectus pariatur nulla quos. Delectus et aut fuga velit autem est. Excepturi sint qui iste id. Quisquam aut repellat dicta ut reiciendis voluptatem rerum.',0,2,80,1,'2025-04-23 16:18:50','2025-04-23 16:18:50');
INSERT INTO stories VALUES(4,'Dolorum qui officiis recusandae hic cumque nemo rerum similique.','dolorum-qui-officiis-recusandae-hic-cumque-nemo-rerum-similique','Dolorum expedita nobis labore quos necessitatibus praesentium culpa quos. Exercitationem architecto sit ut laudantium et voluptas. Aut ex similique non voluptatem sed et.',0,2,87,1,'2025-04-23 16:18:50','2025-04-23 16:18:50');
INSERT INTO stories VALUES(5,'Assumenda sint incidunt sed saepe quidem.','assumenda-sint-incidunt-sed-saepe-quidem','Aliquid iste reiciendis harum velit dignissimos. Sapiente non error nemo cumque ipsam aut aut. Unde veniam ut nemo itaque debitis totam.',0,2,30,1,'2025-04-23 16:18:50','2025-04-23 16:18:50');
INSERT INTO stories VALUES(6,'Sapiente exercitationem minima dolores.','sapiente-exercitationem-minima-dolores','Illum veritatis natus incidunt. Eum et sint inventore quia quia. Fugiat voluptatum nisi et et impedit qui. Voluptas molestiae sed dolorum numquam.',0,3,43,6,'2025-04-23 16:18:50','2025-04-23 16:18:50');
INSERT INTO stories VALUES(7,'Veniam vel rem in corporis.','veniam-vel-rem-in-corporis','Qui at omnis et natus. Consequatur necessitatibus architecto itaque iusto rerum debitis sapiente delectus. Molestias nesciunt eius et ut.',0,3,48,6,'2025-04-23 16:18:50','2025-04-23 16:18:50');
INSERT INTO stories VALUES(8,'Dolor et autem aliquam voluptatem quas quidem.','dolor-et-autem-aliquam-voluptatem-quas-quidem','Qui provident totam omnis fugiat ut vero molestiae vero. Laudantium ab itaque voluptatum ut repellat cum. At eum voluptate aliquid cupiditate quia. Assumenda qui iusto ullam modi iste ipsam quisquam.',0,3,0,6,'2025-04-23 16:18:50','2025-04-23 16:18:50');
INSERT INTO stories VALUES(9,'Non ut omnis quis.','non-ut-omnis-quis','Occaecati porro et ipsum eaque fugit. Accusantium non quia facere labore. Qui rerum voluptatibus exercitationem aut omnis. Qui dolor nulla possimus veniam magnam omnis.',0,3,96,6,'2025-04-23 16:18:50','2025-04-23 16:18:50');
INSERT INTO stories VALUES(10,'Et et et suscipit laboriosam.','et-et-et-suscipit-laboriosam','Tenetur dignissimos rerum a ipsum sed eum ullam. Quibusdam voluptate distinctio nam molestias et ut aut iusto. Fuga molestiae exercitationem nesciunt rem ex ut dignissimos aut.',0,3,26,6,'2025-04-23 16:18:50','2025-04-23 16:18:50');
INSERT INTO stories VALUES(11,'Ducimus consequuntur aliquid voluptatum eius incidunt assumenda.','ducimus-consequuntur-aliquid-voluptatum-eius-incidunt-assumenda','Facilis voluptatem consectetur est veniam dolore incidunt enim non. Eveniet dolores pariatur voluptas nihil nulla iste aut. Eaque quis perspiciatis eum qui assumenda sed id. Est voluptas quam molestiae voluptatem architecto impedit. Deleniti quo cumque voluptas esse sunt vero.',0,4,15,4,'2025-04-23 16:18:50','2025-04-23 16:18:50');
INSERT INTO stories VALUES(12,'Omnis nulla incidunt error voluptas atque eum porro.','omnis-nulla-incidunt-error-voluptas-atque-eum-porro','Aspernatur minima sit voluptatem voluptatibus voluptas. Voluptatem non et quae ut quidem. Amet soluta sint reiciendis ipsum voluptatem.',0,4,34,4,'2025-04-23 16:18:50','2025-04-23 16:18:50');
INSERT INTO stories VALUES(13,'Autem tempore beatae accusamus iusto sit sed adipisci.','autem-tempore-beatae-accusamus-iusto-sit-sed-adipisci','Accusantium molestiae distinctio eos. Quod deleniti error voluptas aut voluptas debitis sit. Pariatur est maxime ea architecto dolor doloribus.',0,4,52,4,'2025-04-23 16:18:50','2025-04-23 16:18:50');
INSERT INTO stories VALUES(14,'Et explicabo vel ut consequatur error et iusto.','et-explicabo-vel-ut-consequatur-error-et-iusto','Atque consequuntur hic aut architecto dolorem. Voluptas quos distinctio facilis. Ea voluptatem sit quae non fuga aut quidem.',0,4,10,4,'2025-04-23 16:18:50','2025-04-23 16:18:50');
INSERT INTO stories VALUES(15,'Voluptatum quam voluptatem quo nostrum.','voluptatum-quam-voluptatem-quo-nostrum','Officia sequi doloremque odit doloribus voluptas aperiam suscipit. Omnis id ducimus repellendus dolores pariatur omnis accusantium consequatur. Ipsum consequatur reiciendis aut adipisci laudantium est ducimus. Qui velit praesentium commodi.',0,4,97,4,'2025-04-23 16:18:50','2025-04-23 16:18:50');
INSERT INTO stories VALUES(16,'Minima rem molestias voluptatem qui.','minima-rem-molestias-voluptatem-qui','Placeat fugiat quidem reprehenderit eum. Ut minus ex ea. Corrupti unde aut quisquam laudantium laboriosam consequuntur esse.',0,5,23,6,'2025-04-23 16:18:50','2025-04-23 16:18:50');
INSERT INTO stories VALUES(17,'Voluptates praesentium mollitia officiis sunt.','voluptates-praesentium-mollitia-officiis-sunt','Iusto ea amet possimus sed ipsam. Dolorem similique quia sit ab repudiandae minima eius. Aliquid sint atque voluptate ea adipisci optio sed. Eum et facere quasi magni numquam eaque fugit.',0,5,72,6,'2025-04-23 16:18:51','2025-04-23 16:18:51');
INSERT INTO stories VALUES(18,'Debitis cum vitae ea sunt.','debitis-cum-vitae-ea-sunt','Nihil praesentium eos labore et fugiat culpa. Sunt nihil nostrum voluptas qui. Placeat quia quidem facilis quos sint natus. Tempora rerum tempora quis ut sequi nulla vero.',0,5,14,6,'2025-04-23 16:18:51','2025-04-23 16:18:51');
INSERT INTO stories VALUES(19,'Aperiam nam sapiente voluptates eum corporis nihil qui.','aperiam-nam-sapiente-voluptates-eum-corporis-nihil-qui','Dolor sit nulla ipsam libero quis impedit. Et sed voluptatibus quo sit neque quasi dolorum dolores. Ea sit vel excepturi repudiandae molestiae. Commodi qui facere laboriosam vero recusandae nesciunt vel.',0,5,79,6,'2025-04-23 16:18:51','2025-04-23 16:18:51');
INSERT INTO stories VALUES(20,'Aut enim ipsam praesentium veritatis qui aut quia enim.','aut-enim-ipsam-praesentium-veritatis-qui-aut-quia-enim','Consectetur similique ea vel est suscipit sunt. Eveniet quas id ratione rerum dolor. Et illo culpa dolorum iure assumenda.',0,5,97,6,'2025-04-23 16:18:51','2025-04-23 16:18:51');
INSERT INTO stories VALUES(21,'Officia accusantium id omnis atque officia autem modi.','officia-accusantium-id-omnis-atque-officia-autem-modi','Nesciunt libero modi odit consequatur et rerum. Sint excepturi odit quia est voluptatibus magni et. Animi necessitatibus necessitatibus esse velit quia ut.',0,6,14,5,'2025-04-23 16:18:51','2025-04-23 16:18:51');
INSERT INTO stories VALUES(22,'Est sit sit quod non quia.','est-sit-sit-quod-non-quia','Omnis odit eligendi ut minima numquam modi voluptatem. Quos praesentium tenetur nam voluptas rerum dicta incidunt. Ab rerum amet ut sit iure. Delectus repudiandae suscipit error labore. Voluptatem vitae sed illum velit non est.',0,6,2,5,'2025-04-23 16:18:51','2025-04-23 16:18:51');
INSERT INTO stories VALUES(23,'Perspiciatis itaque similique excepturi iste molestias quos neque.','perspiciatis-itaque-similique-excepturi-iste-molestias-quos-neque','Officia voluptas ut ipsam maiores magni hic. Repellat numquam id sit tempore itaque. Ut sunt soluta sunt deleniti sint.',0,6,19,5,'2025-04-23 16:18:51','2025-04-23 16:18:51');
INSERT INTO stories VALUES(24,'Quos harum omnis et sed et beatae sit.','quos-harum-omnis-et-sed-et-beatae-sit','Minima perferendis qui aut doloribus sint non. Adipisci laborum ea sed provident aut qui tempore.',0,6,74,5,'2025-04-23 16:18:51','2025-04-23 16:18:51');
INSERT INTO stories VALUES(25,'Ut voluptatum est doloribus consequatur rerum mollitia reiciendis.','ut-voluptatum-est-doloribus-consequatur-rerum-mollitia-reiciendis','Quia sunt harum sit totam. Ullam ut corporis et delectus illum dolore qui. Sunt iure earum omnis tenetur non non praesentium.',0,6,55,5,'2025-04-23 16:18:51','2025-04-23 16:18:51');
INSERT INTO stories VALUES(26,'Commodi blanditiis non recusandae assumenda eligendi nam id.','commodi-blanditiis-non-recusandae-assumenda-eligendi-nam-id','Necessitatibus sed sunt aliquam accusantium. Sint doloribus vel aut aut repudiandae eveniet voluptatibus temporibus. Ea fugit quae ut quo non. Perferendis ut rerum praesentium eaque esse assumenda.',0,7,44,4,'2025-04-23 16:18:51','2025-04-23 16:18:51');
INSERT INTO stories VALUES(27,'Voluptatem accusamus et ducimus exercitationem molestiae voluptatibus incidunt dolor.','voluptatem-accusamus-et-ducimus-exercitationem-molestiae-voluptatibus-incidunt-dolor','Voluptatem sunt accusantium facere sed expedita expedita. Voluptates tempore hic rerum sit perspiciatis reprehenderit harum rem. Aperiam magni ea mollitia doloribus fuga vel qui. Autem eius corrupti rerum sed quisquam.',0,7,53,4,'2025-04-23 16:18:51','2025-04-23 16:18:51');
INSERT INTO stories VALUES(28,'Voluptas repellendus facere saepe ut amet sint sequi.','voluptas-repellendus-facere-saepe-ut-amet-sint-sequi','Pariatur dolorum sit voluptatibus ullam et ipsum qui. Aut ipsam aspernatur nesciunt dicta sequi eveniet laborum. Voluptas est vel facere itaque aspernatur eum laborum.',0,7,85,4,'2025-04-23 16:18:51','2025-04-23 16:18:51');
INSERT INTO stories VALUES(29,'Nihil quia delectus numquam voluptates.','nihil-quia-delectus-numquam-voluptates','Fugiat ipsum minima et. Praesentium consectetur iure aliquid maiores velit. Omnis aut nam sit ut est esse.',0,7,85,4,'2025-04-23 16:18:51','2025-04-23 16:18:51');
INSERT INTO stories VALUES(30,'Quas repudiandae similique accusantium vitae debitis.','quas-repudiandae-similique-accusantium-vitae-debitis','Explicabo commodi placeat repudiandae sapiente. Commodi nulla nostrum enim. Porro quaerat laboriosam nam iste ut minima quod.',0,7,61,4,'2025-04-23 16:18:51','2025-04-23 16:18:51');
INSERT INTO stories VALUES(31,'Animi placeat dolor perspiciatis dicta sit.','animi-placeat-dolor-perspiciatis-dicta-sit','Sint odio non dolores rerum quae id. Qui quia tempore rem qui ullam. Culpa consequatur deleniti voluptatibus maiores delectus labore aperiam tenetur. Reprehenderit quis voluptatem qui voluptas quam amet.',0,8,72,1,'2025-04-23 16:18:51','2025-04-23 16:18:51');
INSERT INTO stories VALUES(32,'Ut magni quas nesciunt nemo consequatur molestias at quis.','ut-magni-quas-nesciunt-nemo-consequatur-molestias-at-quis','Dolores provident temporibus ad quidem voluptas doloribus. Molestiae labore optio in. Quo aliquid saepe facilis ut et rerum. Perspiciatis unde veniam molestias deserunt.',0,8,36,1,'2025-04-23 16:18:51','2025-04-23 16:18:51');
INSERT INTO stories VALUES(33,'Ea ducimus porro rerum praesentium est.','ea-ducimus-porro-rerum-praesentium-est','Nisi qui illo quaerat. Impedit rerum cupiditate ex quia architecto amet praesentium. Autem et voluptatibus ut ullam quod earum.',0,8,75,1,'2025-04-23 16:18:51','2025-04-23 16:18:51');
INSERT INTO stories VALUES(34,'Distinctio magnam eos non.','distinctio-magnam-eos-non','Animi in est et. Sit vel quia et perferendis rem qui. Ut debitis dolorem vero ipsam ut minus.',0,8,99,1,'2025-04-23 16:18:51','2025-04-23 16:18:51');
INSERT INTO stories VALUES(35,'Harum sed in cum et.','harum-sed-in-cum-et','Aut officiis consequatur est corrupti. Doloribus iste sint corporis et neque molestias. Laboriosam eum sunt ullam optio labore soluta dolores qui. In expedita dolorum voluptatibus illum.',0,8,18,1,'2025-04-23 16:18:51','2025-04-23 16:18:51');
INSERT INTO stories VALUES(36,'Ea perferendis at quia dolorum blanditiis.','ea-perferendis-at-quia-dolorum-blanditiis','Quia ea eligendi numquam sit. Tempore eos nemo corrupti occaecati. Neque qui ut eius. Quasi ut et magni.',0,9,84,1,'2025-04-23 16:18:51','2025-04-23 16:18:51');
INSERT INTO stories VALUES(37,'Error voluptas sed quisquam accusamus harum quidem.','error-voluptas-sed-quisquam-accusamus-harum-quidem','Natus molestiae architecto nobis. Reiciendis assumenda voluptatum unde nihil suscipit deserunt illum. Ducimus nihil dolorem cum architecto. In in et est.',0,9,18,1,'2025-04-23 16:18:51','2025-04-23 16:18:51');
INSERT INTO stories VALUES(38,'Eum ullam dignissimos facere ullam corporis voluptatem ea neque.','eum-ullam-dignissimos-facere-ullam-corporis-voluptatem-ea-neque','Impedit dolores provident et necessitatibus. Libero excepturi rerum maxime omnis. Soluta eligendi et aut optio.',0,9,68,1,'2025-04-23 16:18:51','2025-04-23 16:18:51');
INSERT INTO stories VALUES(39,'Temporibus dicta et et delectus temporibus.','temporibus-dicta-et-et-delectus-temporibus','Ut vel omnis qui et. Quae dicta iure earum. Ea tempore quo numquam est repellat corrupti. Distinctio et voluptas rerum minus odit recusandae eius.',0,9,3,1,'2025-04-23 16:18:51','2025-04-23 16:18:51');
INSERT INTO stories VALUES(40,'Qui fugit velit eos et reprehenderit dolore molestiae.','qui-fugit-velit-eos-et-reprehenderit-dolore-molestiae','Architecto odio iure est quisquam aut cupiditate. Possimus nulla harum aut qui pariatur qui reprehenderit. Dolor quidem fuga vel veniam iste commodi.',0,9,56,1,'2025-04-23 16:18:51','2025-04-23 16:18:51');
INSERT INTO stories VALUES(41,'Repellendus enim soluta earum exercitationem totam velit.','repellendus-enim-soluta-earum-exercitationem-totam-velit','Maiores repellendus eligendi dolor. Dolorem saepe doloremque explicabo dolor. Corrupti voluptatibus itaque voluptas autem omnis.',0,10,22,6,'2025-04-23 16:18:51','2025-04-23 16:18:51');
INSERT INTO stories VALUES(42,'Qui vero omnis consequuntur earum dolores.','qui-vero-omnis-consequuntur-earum-dolores','Adipisci et ad dolore. Veritatis veniam provident voluptatem qui. Odit accusamus et error enim. Sit ratione laudantium autem eaque non temporibus id hic. Qui consequatur qui dolorem omnis ipsa.',0,10,44,6,'2025-04-23 16:18:51','2025-04-23 16:18:51');
INSERT INTO stories VALUES(43,'Dolor sint autem inventore a omnis sed voluptatem.','dolor-sint-autem-inventore-a-omnis-sed-voluptatem','Quos odit ut quia eius reiciendis. Nemo sed enim repudiandae maxime voluptatem voluptatem quam pariatur. In iusto iure et temporibus enim aperiam ut illum.',0,10,93,6,'2025-04-23 16:18:51','2025-04-23 16:18:51');
INSERT INTO stories VALUES(44,'Ut rerum tenetur rerum omnis laborum optio aperiam.','ut-rerum-tenetur-rerum-omnis-laborum-optio-aperiam','Error ea aliquam recusandae non quisquam sint. Sapiente est quos in. Nemo neque odit laboriosam fugit. Voluptatem deleniti iure est ut ipsam eos.',0,10,64,6,'2025-04-23 16:18:51','2025-04-23 16:18:51');
INSERT INTO stories VALUES(45,'Quibusdam facere repellat doloremque dolorum accusamus.','quibusdam-facere-repellat-doloremque-dolorum-accusamus','Commodi dolore in ut delectus sit in tempora dolor. Illum ipsum ullam repudiandae accusamus eligendi magnam. Quia aliquid tenetur architecto eos et maxime optio omnis.',0,10,56,6,'2025-04-23 16:18:51','2025-04-23 16:18:51');
INSERT INTO stories VALUES(46,'Eius excepturi hic fugit.','eius-excepturi-hic-fugit','Culpa quia voluptates quia ab. Molestiae provident eligendi placeat. Et et quae deleniti ut aspernatur qui a.',1,11,70,4,'2025-04-23 16:18:51','2025-04-23 16:18:51');
INSERT INTO stories VALUES(47,'Quia voluptatem rerum id illo ex sed.','quia-voluptatem-rerum-id-illo-ex-sed','Sit similique incidunt blanditiis quam. Iure dolore veniam magnam et. Excepturi minima ullam eveniet iste beatae ad unde.',0,11,15,4,'2025-04-23 16:18:51','2025-04-23 16:18:51');
INSERT INTO stories VALUES(48,'Nam dolorum eum fuga et.','nam-dolorum-eum-fuga-et','Odit delectus magni est. Repudiandae quibusdam explicabo porro blanditiis. Nobis est et impedit quidem vitae. Dolor iure ipsum repellat labore.',0,11,43,4,'2025-04-23 16:18:51','2025-04-23 16:18:51');
INSERT INTO stories VALUES(49,'Aut qui architecto ut ut magnam facilis.','aut-qui-architecto-ut-ut-magnam-facilis','Inventore incidunt id dolorum consequatur quia. Commodi vel porro mollitia sed dicta corporis. Mollitia quasi architecto recusandae et. Mollitia voluptas tempora tenetur voluptate pariatur laboriosam quia.',0,11,34,4,'2025-04-23 16:18:51','2025-04-23 16:18:51');
INSERT INTO stories VALUES(50,'Quia eaque quo maiores magni ab saepe.','quia-eaque-quo-maiores-magni-ab-saepe','Beatae ut eos unde quos sed officiis. Voluptate veniam qui necessitatibus. Ab quaerat non nobis velit.',0,11,64,4,'2025-04-23 16:18:51','2025-04-23 16:18:51');
CREATE TABLE IF NOT EXISTS "likes" ("id" integer primary key autoincrement not null, "user_id" integer not null, "story_id" integer not null, "is_liked" tinyint(1) not null, "created_at" datetime, "updated_at" datetime, foreign key("user_id") references "users"("id"), foreign key("story_id") references "stories"("id"));
CREATE TABLE IF NOT EXISTS "genre_follows" ("who" integer not null, "which" integer not null, "created_at" datetime, "updated_at" datetime, foreign key("who") references "users"("id") on delete cascade, foreign key("which") references "genres"("id") on delete cascade, primary key ("who", "which"));
INSERT INTO sqlite_sequence VALUES('migrations',9);
INSERT INTO sqlite_sequence VALUES('users',11);
INSERT INTO sqlite_sequence VALUES('genres',6);
INSERT INTO sqlite_sequence VALUES('stories',50);
CREATE UNIQUE INDEX "users_email_unique" on "users" ("email");
CREATE INDEX "sessions_user_id_index" on "sessions" ("user_id");
CREATE INDEX "sessions_last_activity_index" on "sessions" ("last_activity");
CREATE INDEX "jobs_queue_index" on "jobs" ("queue");
CREATE UNIQUE INDEX "failed_jobs_uuid_unique" on "failed_jobs" ("uuid");
CREATE UNIQUE INDEX "genres_name_unique" on "genres" ("name");
CREATE UNIQUE INDEX "stories_title_unique" on "stories" ("title");
CREATE UNIQUE INDEX "stories_slug_unique" on "stories" ("slug");
COMMIT;
